-- auto-generated data.sql

TRUNCATE diaries CASCADE;
TRUNCATE analysis CASCADE;
TRUNCATE analysis_result CASCADE;
TRUNCATE user_challenge CASCADE;
TRUNCATE lp_reward CASCADE;
TRUNCATE diary_keywords CASCADE;

INSERT INTO diaries (id,user_id,date,write_type,emotion_type,content) VALUES (1,2,'2025-10-01','TEXT','SENSITIVE','오전엔 강의가 많아서 조금 지쳤다. 팀플 관련 회의를 짧게 진행했다. 랩실에서 교수님과 잠깐 상담했다. 도서관에서 과제를 조금 정리했다. 오늘 학교에서 전공 수업을 들었다. 잠깐 산책을 하면서 머리를 식혔다.');
INSERT INTO analysis (id,user_id,diary_id,birth_year,analysis_date) VALUES (1,2,1,2000,'2025-10-01');
INSERT INTO analysis_result (id,analysis_id,emotion_label,emotion_score,emotion_reason,music_json) VALUES (1,1,'SENSITIVE',0.82,'일기 분석 기반 감정','[{"title": "Comfort Song", "artist": "LoFi Artist", "genre": "lofi"}]');
INSERT INTO user_challenge (id,user_id,challenge_id,date,is_completed) VALUES (1,2,1,'2025-10-01',false);
INSERT INTO diaries (id,user_id,date,write_type,emotion_type,content) VALUES (2,2,'2025-10-02','TEXT','SENSITIVE','오늘 학교에서 전공 수업을 들었다. 팀플 관련 회의를 짧게 진행했다. 집에 와서 프로젝트 코드를 정리했다. 카페에서 코딩을 하면서 음악을 들었다. 오전엔 강의가 많아서 조금 지쳤다. 버스를 타고 오는데 날씨가 생각보다 선선했다. 도서관에서 과제를 조금 정리했다. 스터디 친구들과 문제를 함께 풀었다. 랩실에서 교수님과 잠깐 상담했다. 잠깐 산책을 하면서 머리를 식혔다.');
INSERT INTO analysis (id,user_id,diary_id,birth_year,analysis_date) VALUES (2,2,2,2000,'2025-10-02');
INSERT INTO analysis_result (id,analysis_id,emotion_label,emotion_score,emotion_reason,music_json) VALUES (2,2,'SENSITIVE',0.82,'일기 분석 기반 감정','[{"title": "Comfort Song", "artist": "LoFi Artist", "genre": "lofi"}]');
INSERT INTO user_challenge (id,user_id,challenge_id,date,is_completed) VALUES (2,2,1,'2025-10-02',true);
INSERT INTO lp_reward (id,user_id,diary_id,title,artist,reward_date) VALUES (1,2,2,'Comfort Song','LoFi Artist','2025-10-02');
INSERT INTO diaries (id,user_id,date,write_type,emotion_type,content) VALUES (3,2,'2025-10-03','STT','SADNESS','랩실에서 교수님과 잠깐 상담했다. 버스를 타고 오는데 날씨가 생각보다 선선했다. 잠깐 산책을 하면서 머리를 식혔다. 팀플 관련 회의를 짧게 진행했다. 스터디 친구들과 문제를 함께 풀었다. 카페에서 코딩을 하면서 음악을 들었다. 집에 와서 프로젝트 코드를 정리했다.');
INSERT INTO analysis (id,user_id,diary_id,birth_year,analysis_date) VALUES (3,2,3,2000,'2025-10-03');
INSERT INTO analysis_result (id,analysis_id,emotion_label,emotion_score,emotion_reason,music_json) VALUES (3,3,'SADNESS',0.82,'일기 분석 기반 감정','[{"title": "Comfort Song", "artist": "LoFi Artist", "genre": "lofi"}]');
INSERT INTO user_challenge (id,user_id,challenge_id,date,is_completed) VALUES (3,2,1,'2025-10-03',true);
INSERT INTO lp_reward (id,user_id,diary_id,title,artist,reward_date) VALUES (2,2,3,'Comfort Song','LoFi Artist','2025-10-03');
INSERT INTO diaries (id,user_id,date,write_type,emotion_type,content) VALUES (4,2,'2025-10-04','OCR','ANGER','집에 와서 프로젝트 코드를 정리했다. 팀플 관련 회의를 짧게 진행했다. 랩실에서 교수님과 잠깐 상담했다. 잠깐 산책을 하면서 머리를 식혔다.');
INSERT INTO analysis (id,user_id,diary_id,birth_year,analysis_date) VALUES (4,2,4,2000,'2025-10-04');
INSERT INTO analysis_result (id,analysis_id,emotion_label,emotion_score,emotion_reason,music_json) VALUES (4,4,'ANGER',0.82,'일기 분석 기반 감정','[{"title": "Comfort Song", "artist": "LoFi Artist", "genre": "lofi"}]');
INSERT INTO user_challenge (id,user_id,challenge_id,date,is_completed) VALUES (4,2,1,'2025-10-04',true);
INSERT INTO lp_reward (id,user_id,diary_id,title,artist,reward_date) VALUES (3,2,4,'Comfort Song','LoFi Artist','2025-10-04');
INSERT INTO diaries (id,user_id,date,write_type,emotion_type,content) VALUES (5,2,'2025-10-05','OCR','SENSITIVE','집에 와서 프로젝트 코드를 정리했다. 오늘 학교에서 전공 수업을 들었다. 팀플 관련 회의를 짧게 진행했다. 버스를 타고 오는데 날씨가 생각보다 선선했다. 도서관에서 과제를 조금 정리했다. 오전엔 강의가 많아서 조금 지쳤다. 카페에서 코딩을 하면서 음악을 들었다. 잠깐 산책을 하면서 머리를 식혔다.');
INSERT INTO analysis (id,user_id,diary_id,birth_year,analysis_date) VALUES (5,2,5,2000,'2025-10-05');
INSERT INTO analysis_result (id,analysis_id,emotion_label,emotion_score,emotion_reason,music_json) VALUES (5,5,'SENSITIVE',0.82,'일기 분석 기반 감정','[{"title": "Comfort Song", "artist": "LoFi Artist", "genre": "lofi"}]');
INSERT INTO user_challenge (id,user_id,challenge_id,date,is_completed) VALUES (5,2,1,'2025-10-05',true);
INSERT INTO lp_reward (id,user_id,diary_id,title,artist,reward_date) VALUES (4,2,5,'Comfort Song','LoFi Artist','2025-10-05');
INSERT INTO diaries (id,user_id,date,write_type,emotion_type,content) VALUES (6,2,'2025-10-06','TEXT','JOY','오늘 학교에서 전공 수업을 들었다. 잠깐 산책을 하면서 머리를 식혔다. 스터디 친구들과 문제를 함께 풀었다. 랩실에서 교수님과 잠깐 상담했다.');
INSERT INTO analysis (id,user_id,diary_id,birth_year,analysis_date) VALUES (6,2,6,2000,'2025-10-06');
INSERT INTO analysis_result (id,analysis_id,emotion_label,emotion_score,emotion_reason,music_json) VALUES (6,6,'JOY',0.82,'일기 분석 기반 감정','[{"title": "Comfort Song", "artist": "LoFi Artist", "genre": "lofi"}]');
INSERT INTO user_challenge (id,user_id,challenge_id,date,is_completed) VALUES (6,2,1,'2025-10-06',false);
INSERT INTO diaries (id,user_id,date,write_type,emotion_type,content) VALUES (7,2,'2025-10-07','OCR','SENSITIVE','집에 와서 프로젝트 코드를 정리했다. 오전엔 강의가 많아서 조금 지쳤다. 스터디 친구들과 문제를 함께 풀었다. 오늘 학교에서 전공 수업을 들었다. 랩실에서 교수님과 잠깐 상담했다. 버스를 타고 오는데 날씨가 생각보다 선선했다.');
INSERT INTO analysis (id,user_id,diary_id,birth_year,analysis_date) VALUES (7,2,7,2000,'2025-10-07');
INSERT INTO analysis_result (id,analysis_id,emotion_label,emotion_score,emotion_reason,music_json) VALUES (7,7,'SENSITIVE',0.82,'일기 분석 기반 감정','[{"title": "Comfort Song", "artist": "LoFi Artist", "genre": "lofi"}]');
INSERT INTO user_challenge (id,user_id,challenge_id,date,is_completed) VALUES (7,2,1,'2025-10-07',true);
INSERT INTO lp_reward (id,user_id,diary_id,title,artist,reward_date) VALUES (5,2,7,'Comfort Song','LoFi Artist','2025-10-07');
INSERT INTO diaries (id,user_id,date,write_type,emotion_type,content) VALUES (8,2,'2025-10-08','TEXT','JOY','스터디 친구들과 문제를 함께 풀었다. 집에 와서 프로젝트 코드를 정리했다. 오늘 학교에서 전공 수업을 들었다.');
INSERT INTO analysis (id,user_id,diary_id,birth_year,analysis_date) VALUES (8,2,8,2000,'2025-10-08');
INSERT INTO analysis_result (id,analysis_id,emotion_label,emotion_score,emotion_reason,music_json) VALUES (8,8,'JOY',0.82,'일기 분석 기반 감정','[{"title": "Comfort Song", "artist": "LoFi Artist", "genre": "lofi"}]');
INSERT INTO user_challenge (id,user_id,challenge_id,date,is_completed) VALUES (8,2,1,'2025-10-08',true);
INSERT INTO lp_reward (id,user_id,diary_id,title,artist,reward_date) VALUES (6,2,8,'Comfort Song','LoFi Artist','2025-10-08');
INSERT INTO diaries (id,user_id,date,write_type,emotion_type,content) VALUES (9,2,'2025-10-09','STT','SENSITIVE','집에 와서 프로젝트 코드를 정리했다. 버스를 타고 오는데 날씨가 생각보다 선선했다. 스터디 친구들과 문제를 함께 풀었다. 카페에서 코딩을 하면서 음악을 들었다. 랩실에서 교수님과 잠깐 상담했다. 잠깐 산책을 하면서 머리를 식혔다. 팀플 관련 회의를 짧게 진행했다. 오전엔 강의가 많아서 조금 지쳤다. 도서관에서 과제를 조금 정리했다. 오늘 학교에서 전공 수업을 들었다.');
INSERT INTO analysis (id,user_id,diary_id,birth_year,analysis_date) VALUES (9,2,9,2000,'2025-10-09');
INSERT INTO analysis_result (id,analysis_id,emotion_label,emotion_score,emotion_reason,music_json) VALUES (9,9,'SENSITIVE',0.82,'일기 분석 기반 감정','[{"title": "Comfort Song", "artist": "LoFi Artist", "genre": "lofi"}]');
INSERT INTO user_challenge (id,user_id,challenge_id,date,is_completed) VALUES (9,2,1,'2025-10-09',true);
INSERT INTO lp_reward (id,user_id,diary_id,title,artist,reward_date) VALUES (7,2,9,'Comfort Song','LoFi Artist','2025-10-09');
INSERT INTO diaries (id,user_id,date,write_type,emotion_type,content) VALUES (10,2,'2025-10-10','STT','JOY','카페에서 코딩을 하면서 음악을 들었다. 랩실에서 교수님과 잠깐 상담했다. 스터디 친구들과 문제를 함께 풀었다.');
INSERT INTO analysis (id,user_id,diary_id,birth_year,analysis_date) VALUES (10,2,10,2000,'2025-10-10');
INSERT INTO analysis_result (id,analysis_id,emotion_label,emotion_score,emotion_reason,music_json) VALUES (10,10,'JOY',0.82,'일기 분석 기반 감정','[{"title": "Comfort Song", "artist": "LoFi Artist", "genre": "lofi"}]');
INSERT INTO user_challenge (id,user_id,challenge_id,date,is_completed) VALUES (10,2,1,'2025-10-10',true);
INSERT INTO lp_reward (id,user_id,diary_id,title,artist,reward_date) VALUES (8,2,10,'Comfort Song','LoFi Artist','2025-10-10');
INSERT INTO diaries (id,user_id,date,write_type,emotion_type,content) VALUES (11,2,'2025-10-11','OCR','ANGER','도서관에서 과제를 조금 정리했다. 팀플 관련 회의를 짧게 진행했다. 스터디 친구들과 문제를 함께 풀었다. 집에 와서 프로젝트 코드를 정리했다. 오늘 학교에서 전공 수업을 들었다. 랩실에서 교수님과 잠깐 상담했다. 버스를 타고 오는데 날씨가 생각보다 선선했다.');
INSERT INTO analysis (id,user_id,diary_id,birth_year,analysis_date) VALUES (11,2,11,2000,'2025-10-11');
INSERT INTO analysis_result (id,analysis_id,emotion_label,emotion_score,emotion_reason,music_json) VALUES (11,11,'ANGER',0.82,'일기 분석 기반 감정','[{"title": "Comfort Song", "artist": "LoFi Artist", "genre": "lofi"}]');
INSERT INTO user_challenge (id,user_id,challenge_id,date,is_completed) VALUES (11,2,1,'2025-10-11',true);
INSERT INTO lp_reward (id,user_id,diary_id,title,artist,reward_date) VALUES (9,2,11,'Comfort Song','LoFi Artist','2025-10-11');
INSERT INTO diaries (id,user_id,date,write_type,emotion_type,content) VALUES (12,2,'2025-10-12','OCR','SENSITIVE','버스를 타고 오는데 날씨가 생각보다 선선했다. 도서관에서 과제를 조금 정리했다. 스터디 친구들과 문제를 함께 풀었다. 오전엔 강의가 많아서 조금 지쳤다. 팀플 관련 회의를 짧게 진행했다. 랩실에서 교수님과 잠깐 상담했다.');
INSERT INTO analysis (id,user_id,diary_id,birth_year,analysis_date) VALUES (12,2,12,2000,'2025-10-12');
INSERT INTO analysis_result (id,analysis_id,emotion_label,emotion_score,emotion_reason,music_json) VALUES (12,12,'SENSITIVE',0.82,'일기 분석 기반 감정','[{"title": "Comfort Song", "artist": "LoFi Artist", "genre": "lofi"}]');
INSERT INTO user_challenge (id,user_id,challenge_id,date,is_completed) VALUES (12,2,1,'2025-10-12',true);
INSERT INTO lp_reward (id,user_id,diary_id,title,artist,reward_date) VALUES (10,2,12,'Comfort Song','LoFi Artist','2025-10-12');
INSERT INTO diaries (id,user_id,date,write_type,emotion_type,content) VALUES (13,2,'2025-10-13','OCR','ANGER','팀플 관련 회의를 짧게 진행했다. 버스를 타고 오는데 날씨가 생각보다 선선했다. 랩실에서 교수님과 잠깐 상담했다.');
INSERT INTO analysis (id,user_id,diary_id,birth_year,analysis_date) VALUES (13,2,13,2000,'2025-10-13');
INSERT INTO analysis_result (id,analysis_id,emotion_label,emotion_score,emotion_reason,music_json) VALUES (13,13,'ANGER',0.82,'일기 분석 기반 감정','[{"title": "Comfort Song", "artist": "LoFi Artist", "genre": "lofi"}]');
INSERT INTO user_challenge (id,user_id,challenge_id,date,is_completed) VALUES (13,2,1,'2025-10-13',true);
INSERT INTO lp_reward (id,user_id,diary_id,title,artist,reward_date) VALUES (11,2,13,'Comfort Song','LoFi Artist','2025-10-13');
INSERT INTO diaries (id,user_id,date,write_type,emotion_type,content) VALUES (14,2,'2025-10-14','OCR','SENSITIVE','랩실에서 교수님과 잠깐 상담했다. 스터디 친구들과 문제를 함께 풀었다. 오전엔 강의가 많아서 조금 지쳤다.');
INSERT INTO analysis (id,user_id,diary_id,birth_year,analysis_date) VALUES (14,2,14,2000,'2025-10-14');
INSERT INTO analysis_result (id,analysis_id,emotion_label,emotion_score,emotion_reason,music_json) VALUES (14,14,'SENSITIVE',0.82,'일기 분석 기반 감정','[{"title": "Comfort Song", "artist": "LoFi Artist", "genre": "lofi"}]');
INSERT INTO user_challenge (id,user_id,challenge_id,date,is_completed) VALUES (14,2,1,'2025-10-14',false);
INSERT INTO diaries (id,user_id,date,write_type,emotion_type,content) VALUES (15,2,'2025-10-15','OCR','SENSITIVE','잠깐 산책을 하면서 머리를 식혔다. 카페에서 코딩을 하면서 음악을 들었다. 오늘 학교에서 전공 수업을 들었다.');
INSERT INTO analysis (id,user_id,diary_id,birth_year,analysis_date) VALUES (15,2,15,2000,'2025-10-15');
INSERT INTO analysis_result (id,analysis_id,emotion_label,emotion_score,emotion_reason,music_json) VALUES (15,15,'SENSITIVE',0.82,'일기 분석 기반 감정','[{"title": "Comfort Song", "artist": "LoFi Artist", "genre": "lofi"}]');
INSERT INTO user_challenge (id,user_id,challenge_id,date,is_completed) VALUES (15,2,1,'2025-10-15',true);
INSERT INTO lp_reward (id,user_id,diary_id,title,artist,reward_date) VALUES (12,2,15,'Comfort Song','LoFi Artist','2025-10-15');
INSERT INTO diaries (id,user_id,date,write_type,emotion_type,content) VALUES (16,2,'2025-10-16','TEXT','SADNESS','팀플 관련 회의를 짧게 진행했다. 잠깐 산책을 하면서 머리를 식혔다. 카페에서 코딩을 하면서 음악을 들었다.');
INSERT INTO analysis (id,user_id,diary_id,birth_year,analysis_date) VALUES (16,2,16,2000,'2025-10-16');
INSERT INTO analysis_result (id,analysis_id,emotion_label,emotion_score,emotion_reason,music_json) VALUES (16,16,'SADNESS',0.82,'일기 분석 기반 감정','[{"title": "Comfort Song", "artist": "LoFi Artist", "genre": "lofi"}]');
INSERT INTO user_challenge (id,user_id,challenge_id,date,is_completed) VALUES (16,2,1,'2025-10-16',false);
INSERT INTO diaries (id,user_id,date,write_type,emotion_type,content) VALUES (17,2,'2025-10-17','TEXT','SENSITIVE','집에 와서 프로젝트 코드를 정리했다. 카페에서 코딩을 하면서 음악을 들었다. 오늘 학교에서 전공 수업을 들었다. 랩실에서 교수님과 잠깐 상담했다. 스터디 친구들과 문제를 함께 풀었다. 오전엔 강의가 많아서 조금 지쳤다.');
INSERT INTO analysis (id,user_id,diary_id,birth_year,analysis_date) VALUES (17,2,17,2000,'2025-10-17');
INSERT INTO analysis_result (id,analysis_id,emotion_label,emotion_score,emotion_reason,music_json) VALUES (17,17,'SENSITIVE',0.82,'일기 분석 기반 감정','[{"title": "Comfort Song", "artist": "LoFi Artist", "genre": "lofi"}]');
INSERT INTO user_challenge (id,user_id,challenge_id,date,is_completed) VALUES (17,2,1,'2025-10-17',true);
INSERT INTO lp_reward (id,user_id,diary_id,title,artist,reward_date) VALUES (13,2,17,'Comfort Song','LoFi Artist','2025-10-17');
INSERT INTO diaries (id,user_id,date,write_type,emotion_type,content) VALUES (18,2,'2025-10-18','STT','SADNESS','버스를 타고 오는데 날씨가 생각보다 선선했다. 카페에서 코딩을 하면서 음악을 들었다. 팀플 관련 회의를 짧게 진행했다. 집에 와서 프로젝트 코드를 정리했다. 도서관에서 과제를 조금 정리했다. 스터디 친구들과 문제를 함께 풀었다. 랩실에서 교수님과 잠깐 상담했다.');
INSERT INTO analysis (id,user_id,diary_id,birth_year,analysis_date) VALUES (18,2,18,2000,'2025-10-18');
INSERT INTO analysis_result (id,analysis_id,emotion_label,emotion_score,emotion_reason,music_json) VALUES (18,18,'SADNESS',0.82,'일기 분석 기반 감정','[{"title": "Comfort Song", "artist": "LoFi Artist", "genre": "lofi"}]');
INSERT INTO user_challenge (id,user_id,challenge_id,date,is_completed) VALUES (18,2,1,'2025-10-18',true);
INSERT INTO lp_reward (id,user_id,diary_id,title,artist,reward_date) VALUES (14,2,18,'Comfort Song','LoFi Artist','2025-10-18');
INSERT INTO diaries (id,user_id,date,write_type,emotion_type,content) VALUES (19,2,'2025-10-19','OCR','SENSITIVE','팀플 관련 회의를 짧게 진행했다. 스터디 친구들과 문제를 함께 풀었다. 잠깐 산책을 하면서 머리를 식혔다. 버스를 타고 오는데 날씨가 생각보다 선선했다. 오전엔 강의가 많아서 조금 지쳤다.');
INSERT INTO analysis (id,user_id,diary_id,birth_year,analysis_date) VALUES (19,2,19,2000,'2025-10-19');
INSERT INTO analysis_result (id,analysis_id,emotion_label,emotion_score,emotion_reason,music_json) VALUES (19,19,'SENSITIVE',0.82,'일기 분석 기반 감정','[{"title": "Comfort Song", "artist": "LoFi Artist", "genre": "lofi"}]');
INSERT INTO user_challenge (id,user_id,challenge_id,date,is_completed) VALUES (19,2,1,'2025-10-19',true);
INSERT INTO lp_reward (id,user_id,diary_id,title,artist,reward_date) VALUES (15,2,19,'Comfort Song','LoFi Artist','2025-10-19');
INSERT INTO diaries (id,user_id,date,write_type,emotion_type,content) VALUES (20,2,'2025-10-20','OCR','SENSITIVE','버스를 타고 오는데 날씨가 생각보다 선선했다. 스터디 친구들과 문제를 함께 풀었다. 오전엔 강의가 많아서 조금 지쳤다. 잠깐 산책을 하면서 머리를 식혔다. 집에 와서 프로젝트 코드를 정리했다.');
INSERT INTO analysis (id,user_id,diary_id,birth_year,analysis_date) VALUES (20,2,20,2000,'2025-10-20');
INSERT INTO analysis_result (id,analysis_id,emotion_label,emotion_score,emotion_reason,music_json) VALUES (20,20,'SENSITIVE',0.82,'일기 분석 기반 감정','[{"title": "Comfort Song", "artist": "LoFi Artist", "genre": "lofi"}]');
INSERT INTO user_challenge (id,user_id,challenge_id,date,is_completed) VALUES (20,2,1,'2025-10-20',true);
INSERT INTO lp_reward (id,user_id,diary_id,title,artist,reward_date) VALUES (16,2,20,'Comfort Song','LoFi Artist','2025-10-20');
INSERT INTO diaries (id,user_id,date,write_type,emotion_type,content) VALUES (21,2,'2025-10-21','STT','SENSITIVE','집에 와서 프로젝트 코드를 정리했다. 스터디 친구들과 문제를 함께 풀었다. 랩실에서 교수님과 잠깐 상담했다. 오늘 학교에서 전공 수업을 들었다. 오전엔 강의가 많아서 조금 지쳤다. 잠깐 산책을 하면서 머리를 식혔다. 카페에서 코딩을 하면서 음악을 들었다. 버스를 타고 오는데 날씨가 생각보다 선선했다. 팀플 관련 회의를 짧게 진행했다. 도서관에서 과제를 조금 정리했다.');
INSERT INTO analysis (id,user_id,diary_id,birth_year,analysis_date) VALUES (21,2,21,2000,'2025-10-21');
INSERT INTO analysis_result (id,analysis_id,emotion_label,emotion_score,emotion_reason,music_json) VALUES (21,21,'SENSITIVE',0.82,'일기 분석 기반 감정','[{"title": "Comfort Song", "artist": "LoFi Artist", "genre": "lofi"}]');
INSERT INTO user_challenge (id,user_id,challenge_id,date,is_completed) VALUES (21,2,1,'2025-10-21',true);
INSERT INTO lp_reward (id,user_id,diary_id,title,artist,reward_date) VALUES (17,2,21,'Comfort Song','LoFi Artist','2025-10-21');
INSERT INTO diaries (id,user_id,date,write_type,emotion_type,content) VALUES (22,2,'2025-10-22','OCR','SENSITIVE','도서관에서 과제를 조금 정리했다. 랩실에서 교수님과 잠깐 상담했다. 오전엔 강의가 많아서 조금 지쳤다. 팀플 관련 회의를 짧게 진행했다. 스터디 친구들과 문제를 함께 풀었다. 카페에서 코딩을 하면서 음악을 들었다. 집에 와서 프로젝트 코드를 정리했다. 버스를 타고 오는데 날씨가 생각보다 선선했다.');
INSERT INTO analysis (id,user_id,diary_id,birth_year,analysis_date) VALUES (22,2,22,2000,'2025-10-22');
INSERT INTO analysis_result (id,analysis_id,emotion_label,emotion_score,emotion_reason,music_json) VALUES (22,22,'SENSITIVE',0.82,'일기 분석 기반 감정','[{"title": "Comfort Song", "artist": "LoFi Artist", "genre": "lofi"}]');
INSERT INTO user_challenge (id,user_id,challenge_id,date,is_completed) VALUES (22,2,1,'2025-10-22',true);
INSERT INTO lp_reward (id,user_id,diary_id,title,artist,reward_date) VALUES (18,2,22,'Comfort Song','LoFi Artist','2025-10-22');
INSERT INTO diaries (id,user_id,date,write_type,emotion_type,content) VALUES (23,2,'2025-10-23','STT','JOY','오늘 학교에서 전공 수업을 들었다. 카페에서 코딩을 하면서 음악을 들었다. 버스를 타고 오는데 날씨가 생각보다 선선했다. 랩실에서 교수님과 잠깐 상담했다. 스터디 친구들과 문제를 함께 풀었다.');
INSERT INTO analysis (id,user_id,diary_id,birth_year,analysis_date) VALUES (23,2,23,2000,'2025-10-23');
INSERT INTO analysis_result (id,analysis_id,emotion_label,emotion_score,emotion_reason,music_json) VALUES (23,23,'JOY',0.82,'일기 분석 기반 감정','[{"title": "Comfort Song", "artist": "LoFi Artist", "genre": "lofi"}]');
INSERT INTO user_challenge (id,user_id,challenge_id,date,is_completed) VALUES (23,2,1,'2025-10-23',true);
INSERT INTO lp_reward (id,user_id,diary_id,title,artist,reward_date) VALUES (19,2,23,'Comfort Song','LoFi Artist','2025-10-23');
INSERT INTO diaries (id,user_id,date,write_type,emotion_type,content) VALUES (24,2,'2025-10-24','OCR','SENSITIVE','잠깐 산책을 하면서 머리를 식혔다. 오늘 학교에서 전공 수업을 들었다. 오전엔 강의가 많아서 조금 지쳤다.');
INSERT INTO analysis (id,user_id,diary_id,birth_year,analysis_date) VALUES (24,2,24,2000,'2025-10-24');
INSERT INTO analysis_result (id,analysis_id,emotion_label,emotion_score,emotion_reason,music_json) VALUES (24,24,'SENSITIVE',0.82,'일기 분석 기반 감정','[{"title": "Comfort Song", "artist": "LoFi Artist", "genre": "lofi"}]');
INSERT INTO user_challenge (id,user_id,challenge_id,date,is_completed) VALUES (24,2,1,'2025-10-24',true);
INSERT INTO lp_reward (id,user_id,diary_id,title,artist,reward_date) VALUES (20,2,24,'Comfort Song','LoFi Artist','2025-10-24');
INSERT INTO diaries (id,user_id,date,write_type,emotion_type,content) VALUES (25,2,'2025-10-25','STT','SENSITIVE','집에 와서 프로젝트 코드를 정리했다. 랩실에서 교수님과 잠깐 상담했다. 잠깐 산책을 하면서 머리를 식혔다. 도서관에서 과제를 조금 정리했다. 팀플 관련 회의를 짧게 진행했다. 오늘 학교에서 전공 수업을 들었다. 스터디 친구들과 문제를 함께 풀었다. 오전엔 강의가 많아서 조금 지쳤다. 버스를 타고 오는데 날씨가 생각보다 선선했다. 카페에서 코딩을 하면서 음악을 들었다.');
INSERT INTO analysis (id,user_id,diary_id,birth_year,analysis_date) VALUES (25,2,25,2000,'2025-10-25');
INSERT INTO analysis_result (id,analysis_id,emotion_label,emotion_score,emotion_reason,music_json) VALUES (25,25,'SENSITIVE',0.82,'일기 분석 기반 감정','[{"title": "Comfort Song", "artist": "LoFi Artist", "genre": "lofi"}]');
INSERT INTO user_challenge (id,user_id,challenge_id,date,is_completed) VALUES (25,2,1,'2025-10-25',true);
INSERT INTO lp_reward (id,user_id,diary_id,title,artist,reward_date) VALUES (21,2,25,'Comfort Song','LoFi Artist','2025-10-25');
INSERT INTO diaries (id,user_id,date,write_type,emotion_type,content) VALUES (26,2,'2025-10-26','TEXT','APATHY','오늘 학교에서 전공 수업을 들었다. 스터디 친구들과 문제를 함께 풀었다. 도서관에서 과제를 조금 정리했다. 카페에서 코딩을 하면서 음악을 들었다.');
INSERT INTO analysis (id,user_id,diary_id,birth_year,analysis_date) VALUES (26,2,26,2000,'2025-10-26');
INSERT INTO analysis_result (id,analysis_id,emotion_label,emotion_score,emotion_reason,music_json) VALUES (26,26,'APATHY',0.82,'일기 분석 기반 감정','[{"title": "Comfort Song", "artist": "LoFi Artist", "genre": "lofi"}]');
INSERT INTO user_challenge (id,user_id,challenge_id,date,is_completed) VALUES (26,2,1,'2025-10-26',true);
INSERT INTO lp_reward (id,user_id,diary_id,title,artist,reward_date) VALUES (22,2,26,'Comfort Song','LoFi Artist','2025-10-26');
INSERT INTO diaries (id,user_id,date,write_type,emotion_type,content) VALUES (27,2,'2025-10-27','TEXT','SADNESS','랩실에서 교수님과 잠깐 상담했다. 도서관에서 과제를 조금 정리했다. 오늘 학교에서 전공 수업을 들었다.');
INSERT INTO analysis (id,user_id,diary_id,birth_year,analysis_date) VALUES (27,2,27,2000,'2025-10-27');
INSERT INTO analysis_result (id,analysis_id,emotion_label,emotion_score,emotion_reason,music_json) VALUES (27,27,'SADNESS',0.82,'일기 분석 기반 감정','[{"title": "Comfort Song", "artist": "LoFi Artist", "genre": "lofi"}]');
INSERT INTO user_challenge (id,user_id,challenge_id,date,is_completed) VALUES (27,2,1,'2025-10-27',true);
INSERT INTO lp_reward (id,user_id,diary_id,title,artist,reward_date) VALUES (23,2,27,'Comfort Song','LoFi Artist','2025-10-27');
INSERT INTO diaries (id,user_id,date,write_type,emotion_type,content) VALUES (28,2,'2025-10-28','TEXT','SADNESS','팀플 관련 회의를 짧게 진행했다. 버스를 타고 오는데 날씨가 생각보다 선선했다. 도서관에서 과제를 조금 정리했다. 스터디 친구들과 문제를 함께 풀었다.');
INSERT INTO analysis (id,user_id,diary_id,birth_year,analysis_date) VALUES (28,2,28,2000,'2025-10-28');
INSERT INTO analysis_result (id,analysis_id,emotion_label,emotion_score,emotion_reason,music_json) VALUES (28,28,'SADNESS',0.82,'일기 분석 기반 감정','[{"title": "Comfort Song", "artist": "LoFi Artist", "genre": "lofi"}]');
INSERT INTO user_challenge (id,user_id,challenge_id,date,is_completed) VALUES (28,2,1,'2025-10-28',true);
INSERT INTO lp_reward (id,user_id,diary_id,title,artist,reward_date) VALUES (24,2,28,'Comfort Song','LoFi Artist','2025-10-28');
INSERT INTO diaries (id,user_id,date,write_type,emotion_type,content) VALUES (29,2,'2025-10-29','TEXT','APATHY','잠깐 산책을 하면서 머리를 식혔다. 집에 와서 프로젝트 코드를 정리했다. 도서관에서 과제를 조금 정리했다.');
INSERT INTO analysis (id,user_id,diary_id,birth_year,analysis_date) VALUES (29,2,29,2000,'2025-10-29');
INSERT INTO analysis_result (id,analysis_id,emotion_label,emotion_score,emotion_reason,music_json) VALUES (29,29,'APATHY',0.82,'일기 분석 기반 감정','[{"title": "Comfort Song", "artist": "LoFi Artist", "genre": "lofi"}]');
INSERT INTO user_challenge (id,user_id,challenge_id,date,is_completed) VALUES (29,2,1,'2025-10-29',true);
INSERT INTO lp_reward (id,user_id,diary_id,title,artist,reward_date) VALUES (25,2,29,'Comfort Song','LoFi Artist','2025-10-29');
INSERT INTO diaries (id,user_id,date,write_type,emotion_type,content) VALUES (30,2,'2025-10-30','OCR','SENSITIVE','잠깐 산책을 하면서 머리를 식혔다. 랩실에서 교수님과 잠깐 상담했다. 오전엔 강의가 많아서 조금 지쳤다. 팀플 관련 회의를 짧게 진행했다. 버스를 타고 오는데 날씨가 생각보다 선선했다. 카페에서 코딩을 하면서 음악을 들었다.');
INSERT INTO analysis (id,user_id,diary_id,birth_year,analysis_date) VALUES (30,2,30,2000,'2025-10-30');
INSERT INTO analysis_result (id,analysis_id,emotion_label,emotion_score,emotion_reason,music_json) VALUES (30,30,'SENSITIVE',0.82,'일기 분석 기반 감정','[{"title": "Comfort Song", "artist": "LoFi Artist", "genre": "lofi"}]');
INSERT INTO user_challenge (id,user_id,challenge_id,date,is_completed) VALUES (30,2,1,'2025-10-30',true);
INSERT INTO lp_reward (id,user_id,diary_id,title,artist,reward_date) VALUES (26,2,30,'Comfort Song','LoFi Artist','2025-10-30');
INSERT INTO diaries (id,user_id,date,write_type,emotion_type,content) VALUES (31,2,'2025-10-31','TEXT','SENSITIVE','스터디 친구들과 문제를 함께 풀었다. 도서관에서 과제를 조금 정리했다. 집에 와서 프로젝트 코드를 정리했다. 팀플 관련 회의를 짧게 진행했다. 오전엔 강의가 많아서 조금 지쳤다. 버스를 타고 오는데 날씨가 생각보다 선선했다. 오늘 학교에서 전공 수업을 들었다.');
INSERT INTO analysis (id,user_id,diary_id,birth_year,analysis_date) VALUES (31,2,31,2000,'2025-10-31');
INSERT INTO analysis_result (id,analysis_id,emotion_label,emotion_score,emotion_reason,music_json) VALUES (31,31,'SENSITIVE',0.82,'일기 분석 기반 감정','[{"title": "Comfort Song", "artist": "LoFi Artist", "genre": "lofi"}]');
INSERT INTO user_challenge (id,user_id,challenge_id,date,is_completed) VALUES (31,2,1,'2025-10-31',true);
INSERT INTO lp_reward (id,user_id,diary_id,title,artist,reward_date) VALUES (27,2,31,'Comfort Song','LoFi Artist','2025-10-31');
INSERT INTO diaries (id,user_id,date,write_type,emotion_type,content) VALUES (32,2,'2025-11-01','STT','SENSITIVE','버스를 타고 오는데 날씨가 생각보다 선선했다. 랩실에서 교수님과 잠깐 상담했다. 오전엔 강의가 많아서 조금 지쳤다. 스터디 친구들과 문제를 함께 풀었다. 도서관에서 과제를 조금 정리했다. 카페에서 코딩을 하면서 음악을 들었다. 오늘 학교에서 전공 수업을 들었다.');
INSERT INTO analysis (id,user_id,diary_id,birth_year,analysis_date) VALUES (32,2,32,2000,'2025-11-01');
INSERT INTO analysis_result (id,analysis_id,emotion_label,emotion_score,emotion_reason,music_json) VALUES (32,32,'SENSITIVE',0.82,'일기 분석 기반 감정','[{"title": "Comfort Song", "artist": "LoFi Artist", "genre": "lofi"}]');
INSERT INTO user_challenge (id,user_id,challenge_id,date,is_completed) VALUES (32,2,1,'2025-11-01',true);
INSERT INTO lp_reward (id,user_id,diary_id,title,artist,reward_date) VALUES (28,2,32,'Comfort Song','LoFi Artist','2025-11-01');
INSERT INTO diaries (id,user_id,date,write_type,emotion_type,content) VALUES (33,2,'2025-11-02','STT','SENSITIVE','스터디 친구들과 문제를 함께 풀었다. 팀플 관련 회의를 짧게 진행했다. 도서관에서 과제를 조금 정리했다. 오늘 학교에서 전공 수업을 들었다. 카페에서 코딩을 하면서 음악을 들었다. 랩실에서 교수님과 잠깐 상담했다. 버스를 타고 오는데 날씨가 생각보다 선선했다. 집에 와서 프로젝트 코드를 정리했다. 오전엔 강의가 많아서 조금 지쳤다. 잠깐 산책을 하면서 머리를 식혔다.');
INSERT INTO analysis (id,user_id,diary_id,birth_year,analysis_date) VALUES (33,2,33,2000,'2025-11-02');
INSERT INTO analysis_result (id,analysis_id,emotion_label,emotion_score,emotion_reason,music_json) VALUES (33,33,'SENSITIVE',0.82,'일기 분석 기반 감정','[{"title": "Comfort Song", "artist": "LoFi Artist", "genre": "lofi"}]');
INSERT INTO user_challenge (id,user_id,challenge_id,date,is_completed) VALUES (33,2,1,'2025-11-02',false);
INSERT INTO diaries (id,user_id,date,write_type,emotion_type,content) VALUES (34,2,'2025-11-03','OCR','SENSITIVE','집에 와서 프로젝트 코드를 정리했다. 버스를 타고 오는데 날씨가 생각보다 선선했다. 스터디 친구들과 문제를 함께 풀었다.');
INSERT INTO analysis (id,user_id,diary_id,birth_year,analysis_date) VALUES (34,2,34,2000,'2025-11-03');
INSERT INTO analysis_result (id,analysis_id,emotion_label,emotion_score,emotion_reason,music_json) VALUES (34,34,'SENSITIVE',0.82,'일기 분석 기반 감정','[{"title": "Comfort Song", "artist": "LoFi Artist", "genre": "lofi"}]');
INSERT INTO user_challenge (id,user_id,challenge_id,date,is_completed) VALUES (34,2,1,'2025-11-03',true);
INSERT INTO lp_reward (id,user_id,diary_id,title,artist,reward_date) VALUES (29,2,34,'Comfort Song','LoFi Artist','2025-11-03');
INSERT INTO diaries (id,user_id,date,write_type,emotion_type,content) VALUES (35,2,'2025-11-04','STT','APATHY','집에 와서 프로젝트 코드를 정리했다. 오늘 학교에서 전공 수업을 들었다. 버스를 타고 오는데 날씨가 생각보다 선선했다.');
INSERT INTO analysis (id,user_id,diary_id,birth_year,analysis_date) VALUES (35,2,35,2000,'2025-11-04');
INSERT INTO analysis_result (id,analysis_id,emotion_label,emotion_score,emotion_reason,music_json) VALUES (35,35,'APATHY',0.82,'일기 분석 기반 감정','[{"title": "Comfort Song", "artist": "LoFi Artist", "genre": "lofi"}]');
INSERT INTO user_challenge (id,user_id,challenge_id,date,is_completed) VALUES (35,2,1,'2025-11-04',false);
INSERT INTO diaries (id,user_id,date,write_type,emotion_type,content) VALUES (36,2,'2025-11-05','STT','SENSITIVE','잠깐 산책을 하면서 머리를 식혔다. 버스를 타고 오는데 날씨가 생각보다 선선했다. 오늘 학교에서 전공 수업을 들었다. 카페에서 코딩을 하면서 음악을 들었다. 오전엔 강의가 많아서 조금 지쳤다.');
INSERT INTO analysis (id,user_id,diary_id,birth_year,analysis_date) VALUES (36,2,36,2000,'2025-11-05');
INSERT INTO analysis_result (id,analysis_id,emotion_label,emotion_score,emotion_reason,music_json) VALUES (36,36,'SENSITIVE',0.82,'일기 분석 기반 감정','[{"title": "Comfort Song", "artist": "LoFi Artist", "genre": "lofi"}]');
INSERT INTO user_challenge (id,user_id,challenge_id,date,is_completed) VALUES (36,2,1,'2025-11-05',true);
INSERT INTO lp_reward (id,user_id,diary_id,title,artist,reward_date) VALUES (30,2,36,'Comfort Song','LoFi Artist','2025-11-05');
INSERT INTO diaries (id,user_id,date,write_type,emotion_type,content) VALUES (37,2,'2025-11-06','STT','SENSITIVE','잠깐 산책을 하면서 머리를 식혔다. 스터디 친구들과 문제를 함께 풀었다. 오전엔 강의가 많아서 조금 지쳤다. 버스를 타고 오는데 날씨가 생각보다 선선했다. 도서관에서 과제를 조금 정리했다. 팀플 관련 회의를 짧게 진행했다. 카페에서 코딩을 하면서 음악을 들었다. 집에 와서 프로젝트 코드를 정리했다. 오늘 학교에서 전공 수업을 들었다. 랩실에서 교수님과 잠깐 상담했다.');
INSERT INTO analysis (id,user_id,diary_id,birth_year,analysis_date) VALUES (37,2,37,2000,'2025-11-06');
INSERT INTO analysis_result (id,analysis_id,emotion_label,emotion_score,emotion_reason,music_json) VALUES (37,37,'SENSITIVE',0.82,'일기 분석 기반 감정','[{"title": "Comfort Song", "artist": "LoFi Artist", "genre": "lofi"}]');
INSERT INTO user_challenge (id,user_id,challenge_id,date,is_completed) VALUES (37,2,1,'2025-11-06',false);
INSERT INTO diaries (id,user_id,date,write_type,emotion_type,content) VALUES (38,2,'2025-11-07','TEXT','SENSITIVE','집에 와서 프로젝트 코드를 정리했다. 도서관에서 과제를 조금 정리했다. 스터디 친구들과 문제를 함께 풀었다. 랩실에서 교수님과 잠깐 상담했다. 버스를 타고 오는데 날씨가 생각보다 선선했다. 오전엔 강의가 많아서 조금 지쳤다.');
INSERT INTO analysis (id,user_id,diary_id,birth_year,analysis_date) VALUES (38,2,38,2000,'2025-11-07');
INSERT INTO analysis_result (id,analysis_id,emotion_label,emotion_score,emotion_reason,music_json) VALUES (38,38,'SENSITIVE',0.82,'일기 분석 기반 감정','[{"title": "Comfort Song", "artist": "LoFi Artist", "genre": "lofi"}]');
INSERT INTO user_challenge (id,user_id,challenge_id,date,is_completed) VALUES (38,2,1,'2025-11-07',true);
INSERT INTO lp_reward (id,user_id,diary_id,title,artist,reward_date) VALUES (31,2,38,'Comfort Song','LoFi Artist','2025-11-07');
INSERT INTO diaries (id,user_id,date,write_type,emotion_type,content) VALUES (39,2,'2025-11-08','STT','SADNESS','팀플 관련 회의를 짧게 진행했다. 잠깐 산책을 하면서 머리를 식혔다. 집에 와서 프로젝트 코드를 정리했다. 카페에서 코딩을 하면서 음악을 들었다.');
INSERT INTO analysis (id,user_id,diary_id,birth_year,analysis_date) VALUES (39,2,39,2000,'2025-11-08');
INSERT INTO analysis_result (id,analysis_id,emotion_label,emotion_score,emotion_reason,music_json) VALUES (39,39,'SADNESS',0.82,'일기 분석 기반 감정','[{"title": "Comfort Song", "artist": "LoFi Artist", "genre": "lofi"}]');
INSERT INTO user_challenge (id,user_id,challenge_id,date,is_completed) VALUES (39,2,1,'2025-11-08',false);
INSERT INTO diaries (id,user_id,date,write_type,emotion_type,content) VALUES (40,2,'2025-11-09','TEXT','SADNESS','카페에서 코딩을 하면서 음악을 들었다. 팀플 관련 회의를 짧게 진행했다. 오늘 학교에서 전공 수업을 들었다. 스터디 친구들과 문제를 함께 풀었다.');
INSERT INTO analysis (id,user_id,diary_id,birth_year,analysis_date) VALUES (40,2,40,2000,'2025-11-09');
INSERT INTO analysis_result (id,analysis_id,emotion_label,emotion_score,emotion_reason,music_json) VALUES (40,40,'SADNESS',0.82,'일기 분석 기반 감정','[{"title": "Comfort Song", "artist": "LoFi Artist", "genre": "lofi"}]');
INSERT INTO user_challenge (id,user_id,challenge_id,date,is_completed) VALUES (40,2,1,'2025-11-09',false);
INSERT INTO diaries (id,user_id,date,write_type,emotion_type,content) VALUES (41,3,'2025-10-01','STT','SENSITIVE','잠깐 들른 전시회에서 마음이 힐링됐다. 작업 마감 때문에 집중해서 일했다. 회사에서 프로젝트 미팅이 있었다. 출근길에 지하철이 조금 붐볐다. 오랜만에 회사 근처 공원을 걸었다. 퇴근 후 잠깐 카페에 들러 쉬었다. 오후 업무가 길어져 조금 피곤했다. 메일을 정리하다가 중요한 일정이 생겼다. 점심시간에 동료와 맛있는 식사를 했다.');
INSERT INTO analysis (id,user_id,diary_id,birth_year,analysis_date) VALUES (41,3,41,2000,'2025-10-01');
INSERT INTO analysis_result (id,analysis_id,emotion_label,emotion_score,emotion_reason,music_json) VALUES (41,41,'SENSITIVE',0.82,'일기 분석 기반 감정','[{"title": "Comfort Song", "artist": "LoFi Artist", "genre": "lofi"}]');
INSERT INTO user_challenge (id,user_id,challenge_id,date,is_completed) VALUES (41,3,1,'2025-10-01',true);
INSERT INTO lp_reward (id,user_id,diary_id,title,artist,reward_date) VALUES (32,3,41,'Comfort Song','LoFi Artist','2025-10-01');
INSERT INTO diaries (id,user_id,date,write_type,emotion_type,content) VALUES (42,3,'2025-10-02','OCR','SENSITIVE','회사에서 프로젝트 미팅이 있었다. 잠깐 들른 전시회에서 마음이 힐링됐다. 점심시간에 동료와 맛있는 식사를 했다. 작업 마감 때문에 집중해서 일했다. 퇴근길에 전시장 앞을 지나며 안내 포스터를 봤다. 출근길에 지하철이 조금 붐볐다. 퇴근 후 잠깐 카페에 들러 쉬었다. 오후 업무가 길어져 조금 피곤했다. 메일을 정리하다가 중요한 일정이 생겼다.');
INSERT INTO analysis (id,user_id,diary_id,birth_year,analysis_date) VALUES (42,3,42,2000,'2025-10-02');
INSERT INTO analysis_result (id,analysis_id,emotion_label,emotion_score,emotion_reason,music_json) VALUES (42,42,'SENSITIVE',0.82,'일기 분석 기반 감정','[{"title": "Comfort Song", "artist": "LoFi Artist", "genre": "lofi"}]');
INSERT INTO user_challenge (id,user_id,challenge_id,date,is_completed) VALUES (42,3,1,'2025-10-02',false);
INSERT INTO diaries (id,user_id,date,write_type,emotion_type,content) VALUES (43,3,'2025-10-03','STT','ANGER','퇴근 후 잠깐 카페에 들러 쉬었다. 작업 마감 때문에 집중해서 일했다. 출근길에 지하철이 조금 붐볐다.');
INSERT INTO analysis (id,user_id,diary_id,birth_year,analysis_date) VALUES (43,3,43,2000,'2025-10-03');
INSERT INTO analysis_result (id,analysis_id,emotion_label,emotion_score,emotion_reason,music_json) VALUES (43,43,'ANGER',0.82,'일기 분석 기반 감정','[{"title": "Comfort Song", "artist": "LoFi Artist", "genre": "lofi"}]');
INSERT INTO user_challenge (id,user_id,challenge_id,date,is_completed) VALUES (43,3,1,'2025-10-03',false);
INSERT INTO diaries (id,user_id,date,write_type,emotion_type,content) VALUES (44,3,'2025-10-04','TEXT','JOY','잠깐 들른 전시회에서 마음이 힐링됐다. 점심시간에 동료와 맛있는 식사를 했다. 퇴근 후 잠깐 카페에 들러 쉬었다. 메일을 정리하다가 중요한 일정이 생겼다.');
INSERT INTO analysis (id,user_id,diary_id,birth_year,analysis_date) VALUES (44,3,44,2000,'2025-10-04');
INSERT INTO analysis_result (id,analysis_id,emotion_label,emotion_score,emotion_reason,music_json) VALUES (44,44,'JOY',0.82,'일기 분석 기반 감정','[{"title": "Comfort Song", "artist": "LoFi Artist", "genre": "lofi"}]');
INSERT INTO user_challenge (id,user_id,challenge_id,date,is_completed) VALUES (44,3,1,'2025-10-04',false);
INSERT INTO diaries (id,user_id,date,write_type,emotion_type,content) VALUES (45,3,'2025-10-05','TEXT','SENSITIVE','회사에서 프로젝트 미팅이 있었다. 메일을 정리하다가 중요한 일정이 생겼다. 퇴근길에 전시장 앞을 지나며 안내 포스터를 봤다. 출근길에 지하철이 조금 붐볐다. 오후 업무가 길어져 조금 피곤했다.');
INSERT INTO analysis (id,user_id,diary_id,birth_year,analysis_date) VALUES (45,3,45,2000,'2025-10-05');
INSERT INTO analysis_result (id,analysis_id,emotion_label,emotion_score,emotion_reason,music_json) VALUES (45,45,'SENSITIVE',0.82,'일기 분석 기반 감정','[{"title": "Comfort Song", "artist": "LoFi Artist", "genre": "lofi"}]');
INSERT INTO user_challenge (id,user_id,challenge_id,date,is_completed) VALUES (45,3,1,'2025-10-05',false);
INSERT INTO diaries (id,user_id,date,write_type,emotion_type,content) VALUES (46,3,'2025-10-06','STT','SENSITIVE','출근길에 지하철이 조금 붐볐다. 퇴근길에 전시장 앞을 지나며 안내 포스터를 봤다. 메일을 정리하다가 중요한 일정이 생겼다. 잠깐 들른 전시회에서 마음이 힐링됐다. 오후 업무가 길어져 조금 피곤했다. 퇴근 후 잠깐 카페에 들러 쉬었다. 오랜만에 회사 근처 공원을 걸었다. 회사에서 프로젝트 미팅이 있었다. 작업 마감 때문에 집중해서 일했다.');
INSERT INTO analysis (id,user_id,diary_id,birth_year,analysis_date) VALUES (46,3,46,2000,'2025-10-06');
INSERT INTO analysis_result (id,analysis_id,emotion_label,emotion_score,emotion_reason,music_json) VALUES (46,46,'SENSITIVE',0.82,'일기 분석 기반 감정','[{"title": "Comfort Song", "artist": "LoFi Artist", "genre": "lofi"}]');
INSERT INTO user_challenge (id,user_id,challenge_id,date,is_completed) VALUES (46,3,1,'2025-10-06',false);
INSERT INTO diaries (id,user_id,date,write_type,emotion_type,content) VALUES (47,3,'2025-10-07','STT','SENSITIVE','출근길에 지하철이 조금 붐볐다. 회사에서 프로젝트 미팅이 있었다. 점심시간에 동료와 맛있는 식사를 했다. 퇴근 후 잠깐 카페에 들러 쉬었다. 오후 업무가 길어져 조금 피곤했다. 퇴근길에 전시장 앞을 지나며 안내 포스터를 봤다. 메일을 정리하다가 중요한 일정이 생겼다. 오랜만에 회사 근처 공원을 걸었다.');
INSERT INTO analysis (id,user_id,diary_id,birth_year,analysis_date) VALUES (47,3,47,2000,'2025-10-07');
INSERT INTO analysis_result (id,analysis_id,emotion_label,emotion_score,emotion_reason,music_json) VALUES (47,47,'SENSITIVE',0.82,'일기 분석 기반 감정','[{"title": "Comfort Song", "artist": "LoFi Artist", "genre": "lofi"}]');
INSERT INTO user_challenge (id,user_id,challenge_id,date,is_completed) VALUES (47,3,1,'2025-10-07',false);
INSERT INTO diaries (id,user_id,date,write_type,emotion_type,content) VALUES (48,3,'2025-10-08','TEXT','SENSITIVE','오랜만에 회사 근처 공원을 걸었다. 퇴근길에 전시장 앞을 지나며 안내 포스터를 봤다. 오후 업무가 길어져 조금 피곤했다. 잠깐 들른 전시회에서 마음이 힐링됐다. 출근길에 지하철이 조금 붐볐다. 메일을 정리하다가 중요한 일정이 생겼다. 퇴근 후 잠깐 카페에 들러 쉬었다. 작업 마감 때문에 집중해서 일했다.');
INSERT INTO analysis (id,user_id,diary_id,birth_year,analysis_date) VALUES (48,3,48,2000,'2025-10-08');
INSERT INTO analysis_result (id,analysis_id,emotion_label,emotion_score,emotion_reason,music_json) VALUES (48,48,'SENSITIVE',0.82,'일기 분석 기반 감정','[{"title": "Comfort Song", "artist": "LoFi Artist", "genre": "lofi"}]');
INSERT INTO user_challenge (id,user_id,challenge_id,date,is_completed) VALUES (48,3,1,'2025-10-08',true);
INSERT INTO lp_reward (id,user_id,diary_id,title,artist,reward_date) VALUES (33,3,48,'Comfort Song','LoFi Artist','2025-10-08');
INSERT INTO diaries (id,user_id,date,write_type,emotion_type,content) VALUES (49,3,'2025-10-09','TEXT','SENSITIVE','작업 마감 때문에 집중해서 일했다. 오랜만에 회사 근처 공원을 걸었다. 퇴근길에 전시장 앞을 지나며 안내 포스터를 봤다. 오후 업무가 길어져 조금 피곤했다. 회사에서 프로젝트 미팅이 있었다. 출근길에 지하철이 조금 붐볐다. 점심시간에 동료와 맛있는 식사를 했다. 메일을 정리하다가 중요한 일정이 생겼다. 잠깐 들른 전시회에서 마음이 힐링됐다. 퇴근 후 잠깐 카페에 들러 쉬었다.');
INSERT INTO analysis (id,user_id,diary_id,birth_year,analysis_date) VALUES (49,3,49,2000,'2025-10-09');
INSERT INTO analysis_result (id,analysis_id,emotion_label,emotion_score,emotion_reason,music_json) VALUES (49,49,'SENSITIVE',0.82,'일기 분석 기반 감정','[{"title": "Comfort Song", "artist": "LoFi Artist", "genre": "lofi"}]');
INSERT INTO user_challenge (id,user_id,challenge_id,date,is_completed) VALUES (49,3,1,'2025-10-09',false);
INSERT INTO diaries (id,user_id,date,write_type,emotion_type,content) VALUES (50,3,'2025-10-10','STT','SENSITIVE','회사에서 프로젝트 미팅이 있었다. 오후 업무가 길어져 조금 피곤했다. 오랜만에 회사 근처 공원을 걸었다. 점심시간에 동료와 맛있는 식사를 했다. 메일을 정리하다가 중요한 일정이 생겼다. 작업 마감 때문에 집중해서 일했다. 잠깐 들른 전시회에서 마음이 힐링됐다. 출근길에 지하철이 조금 붐볐다.');
INSERT INTO analysis (id,user_id,diary_id,birth_year,analysis_date) VALUES (50,3,50,2000,'2025-10-10');
INSERT INTO analysis_result (id,analysis_id,emotion_label,emotion_score,emotion_reason,music_json) VALUES (50,50,'SENSITIVE',0.82,'일기 분석 기반 감정','[{"title": "Comfort Song", "artist": "LoFi Artist", "genre": "lofi"}]');
INSERT INTO user_challenge (id,user_id,challenge_id,date,is_completed) VALUES (50,3,1,'2025-10-10',true);
INSERT INTO lp_reward (id,user_id,diary_id,title,artist,reward_date) VALUES (34,3,50,'Comfort Song','LoFi Artist','2025-10-10');
INSERT INTO diaries (id,user_id,date,write_type,emotion_type,content) VALUES (51,3,'2025-10-11','STT','JOY','메일을 정리하다가 중요한 일정이 생겼다. 작업 마감 때문에 집중해서 일했다. 잠깐 들른 전시회에서 마음이 힐링됐다.');
INSERT INTO analysis (id,user_id,diary_id,birth_year,analysis_date) VALUES (51,3,51,2000,'2025-10-11');
INSERT INTO analysis_result (id,analysis_id,emotion_label,emotion_score,emotion_reason,music_json) VALUES (51,51,'JOY',0.82,'일기 분석 기반 감정','[{"title": "Comfort Song", "artist": "LoFi Artist", "genre": "lofi"}]');
INSERT INTO user_challenge (id,user_id,challenge_id,date,is_completed) VALUES (51,3,1,'2025-10-11',true);
INSERT INTO lp_reward (id,user_id,diary_id,title,artist,reward_date) VALUES (35,3,51,'Comfort Song','LoFi Artist','2025-10-11');
INSERT INTO diaries (id,user_id,date,write_type,emotion_type,content) VALUES (52,3,'2025-10-12','TEXT','JOY','퇴근 후 잠깐 카페에 들러 쉬었다. 회사에서 프로젝트 미팅이 있었다. 오랜만에 회사 근처 공원을 걸었다. 잠깐 들른 전시회에서 마음이 힐링됐다.');
INSERT INTO analysis (id,user_id,diary_id,birth_year,analysis_date) VALUES (52,3,52,2000,'2025-10-12');
INSERT INTO analysis_result (id,analysis_id,emotion_label,emotion_score,emotion_reason,music_json) VALUES (52,52,'JOY',0.82,'일기 분석 기반 감정','[{"title": "Comfort Song", "artist": "LoFi Artist", "genre": "lofi"}]');
INSERT INTO user_challenge (id,user_id,challenge_id,date,is_completed) VALUES (52,3,1,'2025-10-12',true);
INSERT INTO lp_reward (id,user_id,diary_id,title,artist,reward_date) VALUES (36,3,52,'Comfort Song','LoFi Artist','2025-10-12');
INSERT INTO diaries (id,user_id,date,write_type,emotion_type,content) VALUES (53,3,'2025-10-13','OCR','SENSITIVE','오후 업무가 길어져 조금 피곤했다. 오랜만에 회사 근처 공원을 걸었다. 회사에서 프로젝트 미팅이 있었다. 출근길에 지하철이 조금 붐볐다.');
INSERT INTO analysis (id,user_id,diary_id,birth_year,analysis_date) VALUES (53,3,53,2000,'2025-10-13');
INSERT INTO analysis_result (id,analysis_id,emotion_label,emotion_score,emotion_reason,music_json) VALUES (53,53,'SENSITIVE',0.82,'일기 분석 기반 감정','[{"title": "Comfort Song", "artist": "LoFi Artist", "genre": "lofi"}]');
INSERT INTO user_challenge (id,user_id,challenge_id,date,is_completed) VALUES (53,3,1,'2025-10-13',false);
INSERT INTO diaries (id,user_id,date,write_type,emotion_type,content) VALUES (54,3,'2025-10-14','TEXT','SENSITIVE','출근길에 지하철이 조금 붐볐다. 퇴근길에 전시장 앞을 지나며 안내 포스터를 봤다. 작업 마감 때문에 집중해서 일했다. 회사에서 프로젝트 미팅이 있었다. 오랜만에 회사 근처 공원을 걸었다. 잠깐 들른 전시회에서 마음이 힐링됐다. 점심시간에 동료와 맛있는 식사를 했다. 메일을 정리하다가 중요한 일정이 생겼다. 오후 업무가 길어져 조금 피곤했다. 퇴근 후 잠깐 카페에 들러 쉬었다.');
INSERT INTO analysis (id,user_id,diary_id,birth_year,analysis_date) VALUES (54,3,54,2000,'2025-10-14');
INSERT INTO analysis_result (id,analysis_id,emotion_label,emotion_score,emotion_reason,music_json) VALUES (54,54,'SENSITIVE',0.82,'일기 분석 기반 감정','[{"title": "Comfort Song", "artist": "LoFi Artist", "genre": "lofi"}]');
INSERT INTO user_challenge (id,user_id,challenge_id,date,is_completed) VALUES (54,3,1,'2025-10-14',false);
INSERT INTO diaries (id,user_id,date,write_type,emotion_type,content) VALUES (55,3,'2025-10-15','STT','SENSITIVE','작업 마감 때문에 집중해서 일했다. 퇴근 후 잠깐 카페에 들러 쉬었다. 메일을 정리하다가 중요한 일정이 생겼다. 잠깐 들른 전시회에서 마음이 힐링됐다. 출근길에 지하철이 조금 붐볐다. 오후 업무가 길어져 조금 피곤했다. 오랜만에 회사 근처 공원을 걸었다.');
INSERT INTO analysis (id,user_id,diary_id,birth_year,analysis_date) VALUES (55,3,55,2000,'2025-10-15');
INSERT INTO analysis_result (id,analysis_id,emotion_label,emotion_score,emotion_reason,music_json) VALUES (55,55,'SENSITIVE',0.82,'일기 분석 기반 감정','[{"title": "Comfort Song", "artist": "LoFi Artist", "genre": "lofi"}]');
INSERT INTO user_challenge (id,user_id,challenge_id,date,is_completed) VALUES (55,3,1,'2025-10-15',false);
INSERT INTO diaries (id,user_id,date,write_type,emotion_type,content) VALUES (56,3,'2025-10-16','STT','SENSITIVE','출근길에 지하철이 조금 붐볐다. 메일을 정리하다가 중요한 일정이 생겼다. 회사에서 프로젝트 미팅이 있었다. 오랜만에 회사 근처 공원을 걸었다. 오후 업무가 길어져 조금 피곤했다. 점심시간에 동료와 맛있는 식사를 했다. 퇴근 후 잠깐 카페에 들러 쉬었다. 잠깐 들른 전시회에서 마음이 힐링됐다. 작업 마감 때문에 집중해서 일했다. 퇴근길에 전시장 앞을 지나며 안내 포스터를 봤다.');
INSERT INTO analysis (id,user_id,diary_id,birth_year,analysis_date) VALUES (56,3,56,2000,'2025-10-16');
INSERT INTO analysis_result (id,analysis_id,emotion_label,emotion_score,emotion_reason,music_json) VALUES (56,56,'SENSITIVE',0.82,'일기 분석 기반 감정','[{"title": "Comfort Song", "artist": "LoFi Artist", "genre": "lofi"}]');
INSERT INTO user_challenge (id,user_id,challenge_id,date,is_completed) VALUES (56,3,1,'2025-10-16',false);
INSERT INTO diaries (id,user_id,date,write_type,emotion_type,content) VALUES (57,3,'2025-10-17','TEXT','JOY','점심시간에 동료와 맛있는 식사를 했다. 회사에서 프로젝트 미팅이 있었다. 출근길에 지하철이 조금 붐볐다. 작업 마감 때문에 집중해서 일했다. 메일을 정리하다가 중요한 일정이 생겼다. 잠깐 들른 전시회에서 마음이 힐링됐다. 퇴근 후 잠깐 카페에 들러 쉬었다.');
INSERT INTO analysis (id,user_id,diary_id,birth_year,analysis_date) VALUES (57,3,57,2000,'2025-10-17');
INSERT INTO analysis_result (id,analysis_id,emotion_label,emotion_score,emotion_reason,music_json) VALUES (57,57,'JOY',0.82,'일기 분석 기반 감정','[{"title": "Comfort Song", "artist": "LoFi Artist", "genre": "lofi"}]');
INSERT INTO user_challenge (id,user_id,challenge_id,date,is_completed) VALUES (57,3,1,'2025-10-17',false);
INSERT INTO diaries (id,user_id,date,write_type,emotion_type,content) VALUES (58,3,'2025-10-18','STT','SENSITIVE','오랜만에 회사 근처 공원을 걸었다. 점심시간에 동료와 맛있는 식사를 했다. 메일을 정리하다가 중요한 일정이 생겼다. 오후 업무가 길어져 조금 피곤했다. 잠깐 들른 전시회에서 마음이 힐링됐다. 퇴근 후 잠깐 카페에 들러 쉬었다. 출근길에 지하철이 조금 붐볐다.');
INSERT INTO analysis (id,user_id,diary_id,birth_year,analysis_date) VALUES (58,3,58,2000,'2025-10-18');
INSERT INTO analysis_result (id,analysis_id,emotion_label,emotion_score,emotion_reason,music_json) VALUES (58,58,'SENSITIVE',0.82,'일기 분석 기반 감정','[{"title": "Comfort Song", "artist": "LoFi Artist", "genre": "lofi"}]');
INSERT INTO user_challenge (id,user_id,challenge_id,date,is_completed) VALUES (58,3,1,'2025-10-18',false);
INSERT INTO diaries (id,user_id,date,write_type,emotion_type,content) VALUES (59,3,'2025-10-19','STT','JOY','회사에서 프로젝트 미팅이 있었다. 퇴근 후 잠깐 카페에 들러 쉬었다. 오랜만에 회사 근처 공원을 걸었다. 메일을 정리하다가 중요한 일정이 생겼다. 퇴근길에 전시장 앞을 지나며 안내 포스터를 봤다.');
INSERT INTO analysis (id,user_id,diary_id,birth_year,analysis_date) VALUES (59,3,59,2000,'2025-10-19');
INSERT INTO analysis_result (id,analysis_id,emotion_label,emotion_score,emotion_reason,music_json) VALUES (59,59,'JOY',0.82,'일기 분석 기반 감정','[{"title": "Comfort Song", "artist": "LoFi Artist", "genre": "lofi"}]');
INSERT INTO user_challenge (id,user_id,challenge_id,date,is_completed) VALUES (59,3,1,'2025-10-19',false);
INSERT INTO diaries (id,user_id,date,write_type,emotion_type,content) VALUES (60,3,'2025-10-20','TEXT','SENSITIVE','오랜만에 회사 근처 공원을 걸었다. 퇴근길에 전시장 앞을 지나며 안내 포스터를 봤다. 오후 업무가 길어져 조금 피곤했다. 점심시간에 동료와 맛있는 식사를 했다. 퇴근 후 잠깐 카페에 들러 쉬었다. 작업 마감 때문에 집중해서 일했다. 회사에서 프로젝트 미팅이 있었다. 잠깐 들른 전시회에서 마음이 힐링됐다.');
INSERT INTO analysis (id,user_id,diary_id,birth_year,analysis_date) VALUES (60,3,60,2000,'2025-10-20');
INSERT INTO analysis_result (id,analysis_id,emotion_label,emotion_score,emotion_reason,music_json) VALUES (60,60,'SENSITIVE',0.82,'일기 분석 기반 감정','[{"title": "Comfort Song", "artist": "LoFi Artist", "genre": "lofi"}]');
INSERT INTO user_challenge (id,user_id,challenge_id,date,is_completed) VALUES (60,3,1,'2025-10-20',true);
INSERT INTO lp_reward (id,user_id,diary_id,title,artist,reward_date) VALUES (37,3,60,'Comfort Song','LoFi Artist','2025-10-20');
INSERT INTO diaries (id,user_id,date,write_type,emotion_type,content) VALUES (61,3,'2025-10-21','OCR','SENSITIVE','오랜만에 회사 근처 공원을 걸었다. 잠깐 들른 전시회에서 마음이 힐링됐다. 오후 업무가 길어져 조금 피곤했다. 퇴근 후 잠깐 카페에 들러 쉬었다. 점심시간에 동료와 맛있는 식사를 했다. 메일을 정리하다가 중요한 일정이 생겼다. 퇴근길에 전시장 앞을 지나며 안내 포스터를 봤다. 작업 마감 때문에 집중해서 일했다. 회사에서 프로젝트 미팅이 있었다. 출근길에 지하철이 조금 붐볐다.');
INSERT INTO analysis (id,user_id,diary_id,birth_year,analysis_date) VALUES (61,3,61,2000,'2025-10-21');
INSERT INTO analysis_result (id,analysis_id,emotion_label,emotion_score,emotion_reason,music_json) VALUES (61,61,'SENSITIVE',0.82,'일기 분석 기반 감정','[{"title": "Comfort Song", "artist": "LoFi Artist", "genre": "lofi"}]');
INSERT INTO user_challenge (id,user_id,challenge_id,date,is_completed) VALUES (61,3,1,'2025-10-21',true);
INSERT INTO lp_reward (id,user_id,diary_id,title,artist,reward_date) VALUES (38,3,61,'Comfort Song','LoFi Artist','2025-10-21');
INSERT INTO diaries (id,user_id,date,write_type,emotion_type,content) VALUES (62,3,'2025-10-22','OCR','SENSITIVE','메일을 정리하다가 중요한 일정이 생겼다. 오랜만에 회사 근처 공원을 걸었다. 작업 마감 때문에 집중해서 일했다. 잠깐 들른 전시회에서 마음이 힐링됐다. 점심시간에 동료와 맛있는 식사를 했다. 회사에서 프로젝트 미팅이 있었다. 퇴근 후 잠깐 카페에 들러 쉬었다. 출근길에 지하철이 조금 붐볐다. 퇴근길에 전시장 앞을 지나며 안내 포스터를 봤다. 오후 업무가 길어져 조금 피곤했다.');
INSERT INTO analysis (id,user_id,diary_id,birth_year,analysis_date) VALUES (62,3,62,2000,'2025-10-22');
INSERT INTO analysis_result (id,analysis_id,emotion_label,emotion_score,emotion_reason,music_json) VALUES (62,62,'SENSITIVE',0.82,'일기 분석 기반 감정','[{"title": "Comfort Song", "artist": "LoFi Artist", "genre": "lofi"}]');
INSERT INTO user_challenge (id,user_id,challenge_id,date,is_completed) VALUES (62,3,1,'2025-10-22',true);
INSERT INTO lp_reward (id,user_id,diary_id,title,artist,reward_date) VALUES (39,3,62,'Comfort Song','LoFi Artist','2025-10-22');
INSERT INTO diaries (id,user_id,date,write_type,emotion_type,content) VALUES (63,3,'2025-10-23','OCR','JOY','오랜만에 회사 근처 공원을 걸었다. 퇴근 후 잠깐 카페에 들러 쉬었다. 메일을 정리하다가 중요한 일정이 생겼다. 잠깐 들른 전시회에서 마음이 힐링됐다.');
INSERT INTO analysis (id,user_id,diary_id,birth_year,analysis_date) VALUES (63,3,63,2000,'2025-10-23');
INSERT INTO analysis_result (id,analysis_id,emotion_label,emotion_score,emotion_reason,music_json) VALUES (63,63,'JOY',0.82,'일기 분석 기반 감정','[{"title": "Comfort Song", "artist": "LoFi Artist", "genre": "lofi"}]');
INSERT INTO user_challenge (id,user_id,challenge_id,date,is_completed) VALUES (63,3,1,'2025-10-23',false);
INSERT INTO diaries (id,user_id,date,write_type,emotion_type,content) VALUES (64,3,'2025-10-24','TEXT','SADNESS','작업 마감 때문에 집중해서 일했다. 점심시간에 동료와 맛있는 식사를 했다. 메일을 정리하다가 중요한 일정이 생겼다.');
INSERT INTO analysis (id,user_id,diary_id,birth_year,analysis_date) VALUES (64,3,64,2000,'2025-10-24');
INSERT INTO analysis_result (id,analysis_id,emotion_label,emotion_score,emotion_reason,music_json) VALUES (64,64,'SADNESS',0.82,'일기 분석 기반 감정','[{"title": "Comfort Song", "artist": "LoFi Artist", "genre": "lofi"}]');
INSERT INTO user_challenge (id,user_id,challenge_id,date,is_completed) VALUES (64,3,1,'2025-10-24',true);
INSERT INTO lp_reward (id,user_id,diary_id,title,artist,reward_date) VALUES (40,3,64,'Comfort Song','LoFi Artist','2025-10-24');
INSERT INTO diaries (id,user_id,date,write_type,emotion_type,content) VALUES (65,3,'2025-10-25','TEXT','SENSITIVE','오후 업무가 길어져 조금 피곤했다. 오랜만에 회사 근처 공원을 걸었다. 퇴근 후 잠깐 카페에 들러 쉬었다.');
INSERT INTO analysis (id,user_id,diary_id,birth_year,analysis_date) VALUES (65,3,65,2000,'2025-10-25');
INSERT INTO analysis_result (id,analysis_id,emotion_label,emotion_score,emotion_reason,music_json) VALUES (65,65,'SENSITIVE',0.82,'일기 분석 기반 감정','[{"title": "Comfort Song", "artist": "LoFi Artist", "genre": "lofi"}]');
INSERT INTO user_challenge (id,user_id,challenge_id,date,is_completed) VALUES (65,3,1,'2025-10-25',true);
INSERT INTO lp_reward (id,user_id,diary_id,title,artist,reward_date) VALUES (41,3,65,'Comfort Song','LoFi Artist','2025-10-25');
INSERT INTO diaries (id,user_id,date,write_type,emotion_type,content) VALUES (66,3,'2025-10-26','TEXT','JOY','잠깐 들른 전시회에서 마음이 힐링됐다. 메일을 정리하다가 중요한 일정이 생겼다. 작업 마감 때문에 집중해서 일했다.');
INSERT INTO analysis (id,user_id,diary_id,birth_year,analysis_date) VALUES (66,3,66,2000,'2025-10-26');
INSERT INTO analysis_result (id,analysis_id,emotion_label,emotion_score,emotion_reason,music_json) VALUES (66,66,'JOY',0.82,'일기 분석 기반 감정','[{"title": "Comfort Song", "artist": "LoFi Artist", "genre": "lofi"}]');
INSERT INTO user_challenge (id,user_id,challenge_id,date,is_completed) VALUES (66,3,1,'2025-10-26',true);
INSERT INTO lp_reward (id,user_id,diary_id,title,artist,reward_date) VALUES (42,3,66,'Comfort Song','LoFi Artist','2025-10-26');
INSERT INTO diaries (id,user_id,date,write_type,emotion_type,content) VALUES (67,3,'2025-10-27','TEXT','JOY','작업 마감 때문에 집중해서 일했다. 잠깐 들른 전시회에서 마음이 힐링됐다. 메일을 정리하다가 중요한 일정이 생겼다.');
INSERT INTO analysis (id,user_id,diary_id,birth_year,analysis_date) VALUES (67,3,67,2000,'2025-10-27');
INSERT INTO analysis_result (id,analysis_id,emotion_label,emotion_score,emotion_reason,music_json) VALUES (67,67,'JOY',0.82,'일기 분석 기반 감정','[{"title": "Comfort Song", "artist": "LoFi Artist", "genre": "lofi"}]');
INSERT INTO user_challenge (id,user_id,challenge_id,date,is_completed) VALUES (67,3,1,'2025-10-27',false);
INSERT INTO diaries (id,user_id,date,write_type,emotion_type,content) VALUES (68,3,'2025-10-28','TEXT','SENSITIVE','오후 업무가 길어져 조금 피곤했다. 작업 마감 때문에 집중해서 일했다. 잠깐 들른 전시회에서 마음이 힐링됐다. 출근길에 지하철이 조금 붐볐다.');
INSERT INTO analysis (id,user_id,diary_id,birth_year,analysis_date) VALUES (68,3,68,2000,'2025-10-28');
INSERT INTO analysis_result (id,analysis_id,emotion_label,emotion_score,emotion_reason,music_json) VALUES (68,68,'SENSITIVE',0.82,'일기 분석 기반 감정','[{"title": "Comfort Song", "artist": "LoFi Artist", "genre": "lofi"}]');
INSERT INTO user_challenge (id,user_id,challenge_id,date,is_completed) VALUES (68,3,1,'2025-10-28',true);
INSERT INTO lp_reward (id,user_id,diary_id,title,artist,reward_date) VALUES (43,3,68,'Comfort Song','LoFi Artist','2025-10-28');
INSERT INTO diaries (id,user_id,date,write_type,emotion_type,content) VALUES (69,3,'2025-10-29','TEXT','SENSITIVE','잠깐 들른 전시회에서 마음이 힐링됐다. 점심시간에 동료와 맛있는 식사를 했다. 오랜만에 회사 근처 공원을 걸었다. 작업 마감 때문에 집중해서 일했다. 퇴근길에 전시장 앞을 지나며 안내 포스터를 봤다. 오후 업무가 길어져 조금 피곤했다. 퇴근 후 잠깐 카페에 들러 쉬었다.');
INSERT INTO analysis (id,user_id,diary_id,birth_year,analysis_date) VALUES (69,3,69,2000,'2025-10-29');
INSERT INTO analysis_result (id,analysis_id,emotion_label,emotion_score,emotion_reason,music_json) VALUES (69,69,'SENSITIVE',0.82,'일기 분석 기반 감정','[{"title": "Comfort Song", "artist": "LoFi Artist", "genre": "lofi"}]');
INSERT INTO user_challenge (id,user_id,challenge_id,date,is_completed) VALUES (69,3,1,'2025-10-29',true);
INSERT INTO lp_reward (id,user_id,diary_id,title,artist,reward_date) VALUES (44,3,69,'Comfort Song','LoFi Artist','2025-10-29');
INSERT INTO diaries (id,user_id,date,write_type,emotion_type,content) VALUES (70,3,'2025-10-30','TEXT','SENSITIVE','작업 마감 때문에 집중해서 일했다. 점심시간에 동료와 맛있는 식사를 했다. 오후 업무가 길어져 조금 피곤했다. 잠깐 들른 전시회에서 마음이 힐링됐다.');
INSERT INTO analysis (id,user_id,diary_id,birth_year,analysis_date) VALUES (70,3,70,2000,'2025-10-30');
INSERT INTO analysis_result (id,analysis_id,emotion_label,emotion_score,emotion_reason,music_json) VALUES (70,70,'SENSITIVE',0.82,'일기 분석 기반 감정','[{"title": "Comfort Song", "artist": "LoFi Artist", "genre": "lofi"}]');
INSERT INTO user_challenge (id,user_id,challenge_id,date,is_completed) VALUES (70,3,1,'2025-10-30',false);
INSERT INTO diaries (id,user_id,date,write_type,emotion_type,content) VALUES (71,3,'2025-10-31','STT','SENSITIVE','퇴근 후 잠깐 카페에 들러 쉬었다. 오후 업무가 길어져 조금 피곤했다. 작업 마감 때문에 집중해서 일했다.');
INSERT INTO analysis (id,user_id,diary_id,birth_year,analysis_date) VALUES (71,3,71,2000,'2025-10-31');
INSERT INTO analysis_result (id,analysis_id,emotion_label,emotion_score,emotion_reason,music_json) VALUES (71,71,'SENSITIVE',0.82,'일기 분석 기반 감정','[{"title": "Comfort Song", "artist": "LoFi Artist", "genre": "lofi"}]');
INSERT INTO user_challenge (id,user_id,challenge_id,date,is_completed) VALUES (71,3,1,'2025-10-31',false);
INSERT INTO diaries (id,user_id,date,write_type,emotion_type,content) VALUES (72,3,'2025-11-01','STT','JOY','잠깐 들른 전시회에서 마음이 힐링됐다. 출근길에 지하철이 조금 붐볐다. 퇴근 후 잠깐 카페에 들러 쉬었다. 회사에서 프로젝트 미팅이 있었다.');
INSERT INTO analysis (id,user_id,diary_id,birth_year,analysis_date) VALUES (72,3,72,2000,'2025-11-01');
INSERT INTO analysis_result (id,analysis_id,emotion_label,emotion_score,emotion_reason,music_json) VALUES (72,72,'JOY',0.82,'일기 분석 기반 감정','[{"title": "Comfort Song", "artist": "LoFi Artist", "genre": "lofi"}]');
INSERT INTO user_challenge (id,user_id,challenge_id,date,is_completed) VALUES (72,3,1,'2025-11-01',false);
INSERT INTO diaries (id,user_id,date,write_type,emotion_type,content) VALUES (73,3,'2025-11-02','OCR','ANGER','메일을 정리하다가 중요한 일정이 생겼다. 출근길에 지하철이 조금 붐볐다. 작업 마감 때문에 집중해서 일했다. 퇴근 후 잠깐 카페에 들러 쉬었다.');
INSERT INTO analysis (id,user_id,diary_id,birth_year,analysis_date) VALUES (73,3,73,2000,'2025-11-02');
INSERT INTO analysis_result (id,analysis_id,emotion_label,emotion_score,emotion_reason,music_json) VALUES (73,73,'ANGER',0.82,'일기 분석 기반 감정','[{"title": "Comfort Song", "artist": "LoFi Artist", "genre": "lofi"}]');
INSERT INTO user_challenge (id,user_id,challenge_id,date,is_completed) VALUES (73,3,1,'2025-11-02',true);
INSERT INTO lp_reward (id,user_id,diary_id,title,artist,reward_date) VALUES (45,3,73,'Comfort Song','LoFi Artist','2025-11-02');
INSERT INTO diaries (id,user_id,date,write_type,emotion_type,content) VALUES (74,3,'2025-11-03','OCR','JOY','작업 마감 때문에 집중해서 일했다. 퇴근 후 잠깐 카페에 들러 쉬었다. 오랜만에 회사 근처 공원을 걸었다. 잠깐 들른 전시회에서 마음이 힐링됐다.');
INSERT INTO analysis (id,user_id,diary_id,birth_year,analysis_date) VALUES (74,3,74,2000,'2025-11-03');
INSERT INTO analysis_result (id,analysis_id,emotion_label,emotion_score,emotion_reason,music_json) VALUES (74,74,'JOY',0.82,'일기 분석 기반 감정','[{"title": "Comfort Song", "artist": "LoFi Artist", "genre": "lofi"}]');
INSERT INTO user_challenge (id,user_id,challenge_id,date,is_completed) VALUES (74,3,1,'2025-11-03',true);
INSERT INTO lp_reward (id,user_id,diary_id,title,artist,reward_date) VALUES (46,3,74,'Comfort Song','LoFi Artist','2025-11-03');
INSERT INTO diaries (id,user_id,date,write_type,emotion_type,content) VALUES (75,3,'2025-11-04','OCR','SENSITIVE','출근길에 지하철이 조금 붐볐다. 회사에서 프로젝트 미팅이 있었다. 오후 업무가 길어져 조금 피곤했다. 잠깐 들른 전시회에서 마음이 힐링됐다. 작업 마감 때문에 집중해서 일했다. 퇴근 후 잠깐 카페에 들러 쉬었다. 오랜만에 회사 근처 공원을 걸었다. 점심시간에 동료와 맛있는 식사를 했다.');
INSERT INTO analysis (id,user_id,diary_id,birth_year,analysis_date) VALUES (75,3,75,2000,'2025-11-04');
INSERT INTO analysis_result (id,analysis_id,emotion_label,emotion_score,emotion_reason,music_json) VALUES (75,75,'SENSITIVE',0.82,'일기 분석 기반 감정','[{"title": "Comfort Song", "artist": "LoFi Artist", "genre": "lofi"}]');
INSERT INTO user_challenge (id,user_id,challenge_id,date,is_completed) VALUES (75,3,1,'2025-11-04',false);
INSERT INTO diaries (id,user_id,date,write_type,emotion_type,content) VALUES (76,3,'2025-11-05','STT','SENSITIVE','메일을 정리하다가 중요한 일정이 생겼다. 오랜만에 회사 근처 공원을 걸었다. 오후 업무가 길어져 조금 피곤했다. 퇴근길에 전시장 앞을 지나며 안내 포스터를 봤다. 회사에서 프로젝트 미팅이 있었다. 점심시간에 동료와 맛있는 식사를 했다.');
INSERT INTO analysis (id,user_id,diary_id,birth_year,analysis_date) VALUES (76,3,76,2000,'2025-11-05');
INSERT INTO analysis_result (id,analysis_id,emotion_label,emotion_score,emotion_reason,music_json) VALUES (76,76,'SENSITIVE',0.82,'일기 분석 기반 감정','[{"title": "Comfort Song", "artist": "LoFi Artist", "genre": "lofi"}]');
INSERT INTO user_challenge (id,user_id,challenge_id,date,is_completed) VALUES (76,3,1,'2025-11-05',false);
INSERT INTO diaries (id,user_id,date,write_type,emotion_type,content) VALUES (77,3,'2025-11-06','OCR','SENSITIVE','오후 업무가 길어져 조금 피곤했다. 퇴근 후 잠깐 카페에 들러 쉬었다. 메일을 정리하다가 중요한 일정이 생겼다. 출근길에 지하철이 조금 붐볐다. 회사에서 프로젝트 미팅이 있었다. 점심시간에 동료와 맛있는 식사를 했다. 잠깐 들른 전시회에서 마음이 힐링됐다. 작업 마감 때문에 집중해서 일했다. 오랜만에 회사 근처 공원을 걸었다. 퇴근길에 전시장 앞을 지나며 안내 포스터를 봤다.');
INSERT INTO analysis (id,user_id,diary_id,birth_year,analysis_date) VALUES (77,3,77,2000,'2025-11-06');
INSERT INTO analysis_result (id,analysis_id,emotion_label,emotion_score,emotion_reason,music_json) VALUES (77,77,'SENSITIVE',0.82,'일기 분석 기반 감정','[{"title": "Comfort Song", "artist": "LoFi Artist", "genre": "lofi"}]');
INSERT INTO user_challenge (id,user_id,challenge_id,date,is_completed) VALUES (77,3,1,'2025-11-06',true);
INSERT INTO lp_reward (id,user_id,diary_id,title,artist,reward_date) VALUES (47,3,77,'Comfort Song','LoFi Artist','2025-11-06');
INSERT INTO diaries (id,user_id,date,write_type,emotion_type,content) VALUES (78,3,'2025-11-07','OCR','SENSITIVE','오후 업무가 길어져 조금 피곤했다. 출근길에 지하철이 조금 붐볐다. 퇴근 후 잠깐 카페에 들러 쉬었다. 작업 마감 때문에 집중해서 일했다. 잠깐 들른 전시회에서 마음이 힐링됐다. 회사에서 프로젝트 미팅이 있었다. 메일을 정리하다가 중요한 일정이 생겼다.');
INSERT INTO analysis (id,user_id,diary_id,birth_year,analysis_date) VALUES (78,3,78,2000,'2025-11-07');
INSERT INTO analysis_result (id,analysis_id,emotion_label,emotion_score,emotion_reason,music_json) VALUES (78,78,'SENSITIVE',0.82,'일기 분석 기반 감정','[{"title": "Comfort Song", "artist": "LoFi Artist", "genre": "lofi"}]');
INSERT INTO user_challenge (id,user_id,challenge_id,date,is_completed) VALUES (78,3,1,'2025-11-07',false);
INSERT INTO diaries (id,user_id,date,write_type,emotion_type,content) VALUES (79,3,'2025-11-08','STT','SENSITIVE','오후 업무가 길어져 조금 피곤했다. 점심시간에 동료와 맛있는 식사를 했다. 퇴근 후 잠깐 카페에 들러 쉬었다. 작업 마감 때문에 집중해서 일했다. 메일을 정리하다가 중요한 일정이 생겼다. 퇴근길에 전시장 앞을 지나며 안내 포스터를 봤다. 잠깐 들른 전시회에서 마음이 힐링됐다. 출근길에 지하철이 조금 붐볐다. 오랜만에 회사 근처 공원을 걸었다. 회사에서 프로젝트 미팅이 있었다.');
INSERT INTO analysis (id,user_id,diary_id,birth_year,analysis_date) VALUES (79,3,79,2000,'2025-11-08');
INSERT INTO analysis_result (id,analysis_id,emotion_label,emotion_score,emotion_reason,music_json) VALUES (79,79,'SENSITIVE',0.82,'일기 분석 기반 감정','[{"title": "Comfort Song", "artist": "LoFi Artist", "genre": "lofi"}]');
INSERT INTO user_challenge (id,user_id,challenge_id,date,is_completed) VALUES (79,3,1,'2025-11-08',false);
INSERT INTO diaries (id,user_id,date,write_type,emotion_type,content) VALUES (80,3,'2025-11-09','STT','SENSITIVE','퇴근 후 잠깐 카페에 들러 쉬었다. 회사에서 프로젝트 미팅이 있었다. 오후 업무가 길어져 조금 피곤했다. 점심시간에 동료와 맛있는 식사를 했다. 메일을 정리하다가 중요한 일정이 생겼다. 오랜만에 회사 근처 공원을 걸었다. 작업 마감 때문에 집중해서 일했다. 퇴근길에 전시장 앞을 지나며 안내 포스터를 봤다. 잠깐 들른 전시회에서 마음이 힐링됐다.');
INSERT INTO analysis (id,user_id,diary_id,birth_year,analysis_date) VALUES (80,3,80,2000,'2025-11-09');
INSERT INTO analysis_result (id,analysis_id,emotion_label,emotion_score,emotion_reason,music_json) VALUES (80,80,'SENSITIVE',0.82,'일기 분석 기반 감정','[{"title": "Comfort Song", "artist": "LoFi Artist", "genre": "lofi"}]');
INSERT INTO user_challenge (id,user_id,challenge_id,date,is_completed) VALUES (80,3,1,'2025-11-09',false);